customerID,gender,SeniorCitizen,tenure,PhoneService,InternetService,MonthlyCharges,TotalCharges,Churn
CUST00001,Female,0,28,Yes,DSL,57.94,1560.11,No
CUST00002,Male,0,17,Yes,Fiber optic,68.04,1009.71,No
CUST00003,Female,0,57,Yes,DSL,43.63,2372.33,No
CUST00004,Male,0,4,Yes,No,60.58,212.07,No
CUST00005,Female,1,22,Yes,Fiber optic,25.97,354.29,Yes
CUST00006,Male,0,10,Yes,DSL,69.91,718.21,No
CUST00007,Female,0,71,No,DSL,40.06,3052.59,No
CUST00008,Male,0,2,Yes,Fiber optic,109.3,238.19,Yes
CUST00009,Male,0,15,No,Fiber optic,92.8,1258.13,No
CUST00010,Male,0,8,No,No,65.81,563.21,No
CUST00011,Male,0,43,Yes,Fiber optic,52.55,2027.32,No
CUST00012,Male,0,10,No,Fiber optic,70.58,686.11,Yes
CUST00013,Male,0,17,Yes,DSL,23.93,522.15,No
CUST00014,Female,0,5,No,No,62.25,277.18,No
CUST00015,Male,0,6,No,DSL,71.35,368.41,Yes
CUST00016,Female,1,70,No,Fiber optic,46.62,3638.31,No
CUST00017,Female,1,3,Yes,DSL,67.29,228.08,No
CUST00018,Female,0,34,No,Fiber optic,36.63,1575.04,Yes
CUST00019,Female,1,6,Yes,No,64.33,429.45,Yes
CUST00020,Female,0,11,Yes,DSL,94.57,1121.38,No
CUST00021,Male,0,52,No,DSL,73.24,3922.9,No
CUST00022,Female,0,36,No,Fiber optic,80.99,2698.16,Yes
CUST00023,Male,1,0,Yes,DSL,91.82,,No
CUST00024,Female,1,6,No,DSL,81.21,445.88,Yes
CUST00025,Male,0,46,Yes,Fiber optic,58.3,2532.15,No
CUST00026,Female,0,8,Yes,DSL,105.29,855.74,No
CUST00027,Female,0,11,No,No,99.79,1172.8,Yes
CUST00028,Male,1,68,Yes,Fiber optic,45.18,3423.03,Yes
CUST00029,Male,0,33,No,DSL,60.34,1939.61,No
CUST00030,Female,0,71,Yes,Fiber optic,49.99,4172.0,Yes
CUST00031,Male,0,51,Yes,Fiber optic,62.17,2998.22,No
CUST00032,Female,0,4,No,DSL,83.44,350.74,No
CUST00033,Male,1,11,No,No,83.64,834.08,Yes
CUST00034,Male,0,60,No,Fiber optic,98.54,5921.28,Yes
CUST00035,Female,1,4,No,Fiber optic,107.99,401.87,Yes
CUST00036,Female,0,16,Yes,DSL,79.74,1382.63,No
CUST00037,Female,0,28,Yes,DSL,45.99,,No
CUST00038,Female,1,1,No,Fiber optic,72.07,69.96,Yes
CUST00039,Male,1,48,Yes,DSL,37.7,1468.01,No
CUST00040,Male,0,25,No,DSL,86.8,2201.68,No
CUST00041,Male,0,9,No,Fiber optic,100.18,857.97,No
CUST00042,Male,0,10,No,No,67.47,644.14,No
CUST00043,Female,0,58,No,DSL,74.47,4708.63,No
CUST00044,Male,0,12,No,Fiber optic,86.22,1126.37,No
CUST00045,Female,0,49,Yes,DSL,50.74,2927.6,No
CUST00046,Female,1,60,Yes,DSL,58.03,3716.7,No
CUST00047,Male,0,48,No,No,50.49,2445.22,No
CUST00048,Male,0,38,No,DSL,98.35,3731.15,No
CUST00049,Male,0,42,No,Fiber optic,89.89,3442.29,Yes
CUST00050,Male,0,66,Yes,DSL,68.9,5111.18,No
CUST00051,Female,0,7,Yes,No,90.75,670.81,Yes
CUST00052,Male,0,7,No,Fiber optic,76.7,584.57,No
CUST00053,Male,0,64,No,DSL,62.75,4154.37,No
CUST00054,Female,0,6,Yes,DSL,92.13,549.15,Yes
CUST00055,Male,0,68,Yes,No,62.6,4477.95,No
CUST00056,Male,0,54,No,Fiber optic,62.16,3396.0,Yes
CUST00057,Female,0,16,No,DSL,21.97,252.08,No
CUST00058,Male,1,46,Yes,Fiber optic,75.7,3289.48,No
CUST00059,Female,0,4,Yes,Fiber optic,81.28,295.53,Yes
CUST00060,Female,0,3,Yes,Fiber optic,101.9,333.09,Yes
CUST00061,Male,0,49,Yes,Fiber optic,38.46,2021.88,No
CUST00062,Female,0,57,No,Fiber optic,98.85,5209.24,No
CUST00063,Male,1,42,Yes,Fiber optic,44.73,1499.53,No
CUST00064,Female,0,16,Yes,DSL,65.19,1168.72,No
CUST00065,Female,0,64,Yes,Fiber optic,25.28,1616.06,Yes
CUST00066,Male,1,11,No,Fiber optic,106.38,1186.55,No
CUST00067,Female,0,5,No,Fiber optic,88.45,460.48,Yes
CUST00068,Male,1,8,Yes,Fiber optic,72.99,,No
CUST00069,Male,0,23,Yes,Fiber optic,71.12,1511.84,No
CUST00070,Female,0,5,Yes,DSL,103.96,516.35,Yes
CUST00071,Female,0,8,Yes,DSL,96.09,797.3,No
CUST00072,Female,0,66,Yes,Fiber optic,99.09,6537.12,No
CUST00073,Female,0,45,Yes,DSL,77.75,3345.29,No
CUST00074,Male,0,19,No,Fiber optic,48.58,1042.58,No
CUST00075,Female,0,12,No,Fiber optic,63.18,693.74,No
CUST00076,Female,0,1,No,Fiber optic,101.88,104.11,No
CUST00077,Male,0,7,Yes,Fiber optic,68.28,545.28,Yes
CUST00078,Male,0,5,Yes,No,106.31,551.26,Yes
CUST00079,Male,0,58,No,DSL,83.28,4618.5,No
CUST00080,Female,0,9,Yes,DSL,87.23,788.64,No
CUST00081,Male,0,11,Yes,Fiber optic,82.6,990.0,No
CUST00082,Female,0,57,No,DSL,84.1,,No
CUST00083,Male,0,0,Yes,No,82.56,,Yes
CUST00084,Male,0,8,Yes,No,78.71,609.84,Yes
CUST00085,Male,0,61,No,DSL,55.14,3744.25,No
CUST00086,Female,1,68,Yes,DSL,69.73,5201.92,No
CUST00087,Male,0,4,No,Fiber optic,60.28,247.61,No
CUST00088,Male,0,41,No,Fiber optic,22.02,641.38,No
CUST00089,Male,0,0,Yes,Fiber optic,95.93,,Yes
CUST00090,Male,0,40,Yes,No,92.52,3431.09,No
CUST00091,Male,0,16,No,Fiber optic,39.38,775.06,No
CUST00092,Male,0,52,No,Fiber optic,42.21,1736.22,Yes
CUST00093,Female,0,2,No,DSL,103.81,200.6,Yes
CUST00094,Male,0,33,Yes,DSL,39.0,1562.8,No
CUST00095,Female,0,9,No,Fiber optic,98.84,816.83,Yes
CUST00096,Male,0,11,Yes,DSL,72.1,703.54,Yes
CUST00097,Male,0,69,No,No,67.9,4833.32,No
CUST00098,Female,0,6,No,DSL,91.14,588.77,No
CUST00099,Male,0,2,No,Fiber optic,96.59,173.21,No
CUST00100,Female,0,26,Yes,DSL,22.86,838.85,No
CUST00101,Male,0,17,Yes,Fiber optic,47.8,643.16,Yes
CUST00102,Female,0,29,No,DSL,22.16,715.64,No
CUST00103,Male,0,0,Yes,DSL,99.45,,Yes
CUST00104,Male,1,52,No,DSL,42.96,1923.21,No
CUST00105,Male,0,39,No,DSL,63.43,2513.9,No
CUST00106,Male,1,19,No,Fiber optic,64.9,1300.15,No
CUST00107,Male,0,2,Yes,Fiber optic,78.04,171.87,Yes
CUST00108,Male,1,40,No,DSL,69.77,2560.73,No
CUST00109,Male,1,4,Yes,DSL,104.27,393.5,Yes
CUST00110,Male,0,36,No,DSL,50.69,1685.23,No
CUST00111,Male,0,15,Yes,Fiber optic,87.43,,No
CUST00112,Male,0,8,No,No,82.91,627.59,Yes
CUST00113,Male,0,43,Yes,No,63.79,3138.57,No
CUST00114,Male,0,51,No,DSL,88.47,4621.28,No
CUST00115,Female,0,3,No,DSL,100.28,276.11,Yes
CUST00116,Male,0,6,Yes,Fiber optic,83.17,442.47,Yes
CUST00117,Male,0,53,Yes,DSL,33.62,1621.25,No
CUST00118,Female,0,3,No,Fiber optic,71.95,213.81,Yes
CUST00119,Male,1,13,Yes,Fiber optic,80.34,1156.67,No
CUST00120,Female,1,15,Yes,DSL,49.68,670.66,No
CUST00121,Female,0,3,Yes,Fiber optic,75.72,256.74,Yes
CUST00122,Male,0,65,Yes,Fiber optic,57.6,3850.71,Yes
CUST00123,Female,0,46,No,Fiber optic,51.06,1948.05,No
CUST00124,Female,0,70,No,Fiber optic,65.95,4030.53,No
CUST00125,Male,0,26,No,No,98.25,2628.95,No
CUST00126,Female,0,1,Yes,Fiber optic,105.21,101.91,Yes
CUST00127,Female,1,4,No,Fiber optic,83.98,347.92,Yes
CUST00128,Female,0,6,Yes,Fiber optic,73.82,471.92,Yes
CUST00129,Female,0,7,Yes,DSL,95.93,737.16,Yes
CUST00130,Female,0,21,Yes,DSL,73.38,1733.48,No
CUST00131,Male,0,0,Yes,Fiber optic,77.99,,No
CUST00132,Female,0,1,No,No,77.52,75.71,Yes
CUST00133,Female,0,69,Yes,Fiber optic,26.71,1982.53,No
CUST00134,Male,1,8,Yes,No,82.7,717.88,Yes
CUST00135,Female,0,34,No,Fiber optic,40.02,1554.08,Yes
CUST00136,Female,0,7,Yes,Fiber optic,70.02,492.79,Yes
CUST00137,Female,0,9,Yes,No,75.23,724.67,No
CUST00138,Female,0,36,No,DSL,28.27,988.2,No
CUST00139,Female,0,6,Yes,Fiber optic,83.86,512.13,No
CUST00140,Male,0,15,No,No,90.91,1435.1,No
CUST00141,Female,0,48,Yes,DSL,71.34,3104.79,No
CUST00142,Female,0,5,Yes,No,75.5,345.97,No
CUST00143,Female,0,66,No,Fiber optic,49.48,3867.13,No
CUST00144,Male,0,6,Yes,DSL,92.27,540.36,Yes
CUST00145,Male,0,9,No,DSL,96.94,897.84,Yes
CUST00146,Female,0,24,Yes,Fiber optic,30.53,493.65,No
CUST00147,Female,0,6,No,Fiber optic,68.38,379.05,Yes
CUST00148,Male,0,40,No,Fiber optic,79.54,3192.65,Yes
CUST00149,Male,0,46,Yes,DSL,80.74,3528.68,No
CUST00150,Male,0,2,Yes,Fiber optic,82.93,147.92,Yes
CUST00151,Female,1,34,Yes,Fiber optic,93.02,3090.95,Yes
CUST00152,Female,0,12,No,DSL,56.65,,No
CUST00153,Male,1,47,No,Fiber optic,70.46,2933.52,No
CUST00154,Female,1,72,Yes,DSL,70.59,4782.3,Yes
CUST00155,Female,0,28,Yes,No,61.17,1833.56,No
CUST00156,Female,0,6,No,DSL,107.08,,Yes
CUST00157,Female,0,67,No,DSL,25.88,1513.75,No
CUST00158,Female,1,48,Yes,Fiber optic,72.37,3871.12,Yes
CUST00159,Male,0,26,Yes,DSL,87.44,2463.11,No
CUST00160,Male,0,2,Yes,Fiber optic,61.56,123.79,No
CUST00161,Male,0,32,No,DSL,87.04,,No
CUST00162,Female,0,23,No,DSL,58.13,1215.89,No
CUST00163,Female,1,14,No,No,28.26,384.09,No
CUST00164,Male,0,11,Yes,DSL,85.47,898.92,Yes
CUST00165,Male,0,66,Yes,No,39.41,2231.1,No
CUST00166,Female,0,16,No,DSL,49.63,788.14,No
CUST00167,Female,0,3,Yes,DSL,72.85,209.77,No
CUST00168,Male,0,27,Yes,Fiber optic,20.76,741.71,No
CUST00169,Female,0,72,Yes,Fiber optic,51.23,3595.17,No
CUST00170,Male,0,6,No,Fiber optic,85.21,488.84,No
CUST00171,Male,0,18,Yes,Fiber optic,37.77,744.93,Yes
CUST00172,Female,0,2,No,Fiber optic,63.26,133.93,No
CUST00173,Male,0,12,No,Fiber optic,33.54,516.41,No
CUST00174,Male,0,6,No,No,88.17,,Yes
CUST00175,Male,1,10,Yes,DSL,61.22,615.43,No
CUST00176,Male,0,19,No,No,94.76,1669.35,No
CUST00177,Female,1,50,Yes,Fiber optic,92.13,4968.0,Yes
CUST00178,Female,0,10,No,DSL,63.14,643.0,No
CUST00179,Male,0,1,No,DSL,105.01,109.64,No
CUST00180,Female,0,6,Yes,No,72.65,491.17,No
CUST00181,Male,0,11,Yes,DSL,71.82,830.34,Yes
CUST00182,Female,0,5,No,No,100.44,511.54,Yes
CUST00183,Female,0,0,Yes,DSL,65.5,,No
CUST00184,Female,1,28,No,No,43.67,1458.69,No
CUST00185,Male,0,2,Yes,Fiber optic,60.34,117.58,Yes
CUST00186,Female,0,3,No,Fiber optic,76.44,210.55,Yes
CUST00187,Male,0,63,No,No,99.22,6297.52,No
CUST00188,Female,0,3,No,DSL,105.27,331.58,No
CUST00189,Male,0,33,Yes,Fiber optic,73.29,2287.17,No
CUST00190,Male,1,3,No,DSL,106.3,,No
CUST00191,Male,0,3,No,Fiber optic,64.37,208.13,No
CUST00192,Female,1,38,No,Fiber optic,98.31,3977.17,Yes
CUST00193,Female,0,12,No,No,45.2,631.19,No
CUST00194,Female,0,34,Yes,No,83.46,2525.16,No
CUST00195,Male,0,2,Yes,No,77.24,161.59,Yes
CUST00196,Female,0,53,Yes,Fiber optic,43.88,2525.82,No
CUST00197,Female,0,34,No,DSL,47.63,,No
CUST00198,Male,0,67,Yes,Fiber optic,43.28,2497.62,No
CUST00199,Male,0,36,Yes,Fiber optic,84.84,2931.79,No
CUST00200,Female,0,46,No,DSL,69.8,2823.63,No
CUST00201,Female,0,3,Yes,Fiber optic,86.02,242.59,No
CUST00202,Male,0,8,Yes,No,105.51,833.76,No
CUST00203,Female,0,3,Yes,Fiber optic,96.46,296.22,No
CUST00204,Male,0,7,Yes,Fiber optic,77.54,476.72,Yes
CUST00205,Male,1,8,No,Fiber optic,98.97,862.52,No
CUST00206,Female,0,45,No,Fiber optic,32.25,1518.15,No
CUST00207,Male,0,10,Yes,DSL,96.55,948.11,No
CUST00208,Female,0,45,No,DSL,98.14,4515.18,No
CUST00209,Female,0,9,No,Fiber optic,79.42,,Yes
CUST00210,Male,0,5,No,DSL,109.7,535.88,Yes
CUST00211,Male,0,1,Yes,Fiber optic,69.56,64.09,No
CUST00212,Male,0,7,Yes,Fiber optic,66.08,412.33,No
CUST00213,Male,0,15,Yes,Fiber optic,93.08,1353.13,No
CUST00214,Female,0,49,No,No,43.01,2110.57,No
CUST00215,Female,1,52,Yes,DSL,97.17,5111.45,No
CUST00216,Male,0,10,No,Fiber optic,66.27,608.13,No
CUST00217,Male,0,63,No,Fiber optic,68.24,4830.72,No
CUST00218,Female,0,14,Yes,Fiber optic,53.12,723.6,No
CUST00219,Female,0,3,Yes,Fiber optic,75.76,225.44,No
CUST00220,Male,0,3,No,Fiber optic,66.59,189.24,No
CUST00221,Male,0,6,No,DSL,70.66,442.46,Yes
CUST00222,Male,1,11,No,Fiber optic,101.47,1132.18,Yes
CUST00223,Female,1,51,No,DSL,72.2,3772.16,Yes
CUST00224,Female,0,33,Yes,DSL,63.28,1877.96,No
CUST00225,Female,0,2,No,DSL,109.1,231.82,No
CUST00226,Female,1,68,No,DSL,98.8,6839.57,No
CUST00227,Female,0,3,No,Fiber optic,100.72,318.87,No
CUST00228,Female,1,12,Yes,DSL,51.89,521.81,No
CUST00229,Male,1,18,No,DSL,78.2,1571.78,No
CUST00230,Female,0,4,Yes,DSL,67.19,259.04,No
CUST00231,Female,0,41,Yes,DSL,77.68,3445.64,No
CUST00232,Male,0,15,No,DSL,73.44,1244.65,No
CUST00233,Male,0,59,No,DSL,53.43,3051.62,No
CUST00234,Male,1,36,No,Fiber optic,80.84,3015.9,No
CUST00235,Female,0,5,No,Fiber optic,83.12,465.45,Yes
CUST00236,Male,0,56,Yes,DSL,35.55,1696.38,No
CUST00237,Female,1,27,No,No,39.88,965.7,No
CUST00238,Female,0,68,Yes,DSL,90.5,5962.32,No
CUST00239,Male,0,12,Yes,No,73.7,783.9,No
CUST00240,Male,0,12,Yes,Fiber optic,59.48,723.77,Yes
CUST00241,Female,1,8,No,Fiber optic,94.36,691.16,Yes
CUST00242,Female,0,29,No,DSL,54.68,1442.21,No
CUST00243,Female,0,37,Yes,DSL,36.25,1072.29,No
CUST00244,Female,0,24,No,Fiber optic,95.67,2398.51,Yes
CUST00245,Male,0,64,Yes,Fiber optic,73.25,5095.89,No
CUST00246,Male,0,1,Yes,DSL,69.58,74.73,No
CUST00247,Male,0,10,No,DSL,71.1,709.4,Yes
CUST00248,Female,1,16,Yes,DSL,71.03,1252.01,No
CUST00249,Female,0,2,Yes,Fiber optic,93.19,176.04,No
CUST00250,Male,0,5,No,No,106.92,491.54,No
CUST00251,Male,0,43,No,DSL,53.72,2141.01,No
CUST00252,Female,0,27,Yes,Fiber optic,47.11,1029.75,No
CUST00253,Male,1,57,Yes,DSL,35.15,2235.29,Yes
CUST00254,Female,0,46,Yes,DSL,90.71,4522.96,No
CUST00255,Male,0,8,No,Fiber optic,103.75,853.72,No
CUST00256,Male,0,11,Yes,Fiber optic,93.83,1007.53,Yes
CUST00257,Female,0,8,No,DSL,78.72,672.52,Yes
CUST00258,Male,0,33,No,DSL,48.42,1854.4,No
CUST00259,Male,1,12,No,No,27.58,230.17,No
CUST00260,Female,1,11,Yes,Fiber optic,75.81,763.55,Yes
CUST00261,Female,0,3,No,DSL,94.13,275.59,Yes
CUST00262,Female,0,27,No,Fiber optic,83.75,2129.05,No
CUST00263,Male,1,69,No,No,83.9,5798.88,Yes
CUST00264,Female,0,21,No,Fiber optic,39.35,727.78,No
CUST00265,Female,0,28,No,Fiber optic,32.71,1023.32,No
CUST00266,Male,0,43,Yes,No,27.36,,No
CUST00267,Female,0,61,Yes,No,71.56,4796.41,No
CUST00268,Female,0,36,No,DSL,83.24,3102.1,No
CUST00269,Male,0,18,Yes,Fiber optic,42.31,582.63,No
CUST00270,Male,1,47,No,No,55.54,2589.78,No
CUST00271,Female,0,5,Yes,Fiber optic,80.86,426.79,Yes
CUST00272,Female,0,1,No,No,93.48,94.8,Yes
CUST00273,Female,0,49,Yes,No,74.03,3861.26,No
CUST00274,Female,0,37,No,DSL,33.39,1442.21,No
CUST00275,Female,0,8,No,DSL,87.41,760.73,Yes
CUST00276,Male,1,11,No,No,68.32,,No
CUST00277,Female,1,21,Yes,DSL,33.28,865.97,Yes
CUST00278,Female,0,10,Yes,DSL,101.3,994.04,No
CUST00279,Female,0,40,Yes,DSL,78.0,3112.22,No
CUST00280,Female,0,11,Yes,Fiber optic,76.51,844.57,Yes
CUST00281,Male,1,36,Yes,No,48.42,1644.58,No
CUST00282,Male,1,58,No,Fiber optic,38.43,2222.64,Yes
CUST00283,Female,0,10,No,DSL,64.02,583.18,No
CUST00284,Male,0,44,Yes,Fiber optic,37.32,1905.49,Yes
CUST00285,Female,1,0,Yes,Fiber optic,109.44,,No
CUST00286,Female,0,3,No,DSL,106.6,295.23,Yes
CUST00287,Female,0,57,No,Fiber optic,96.92,6059.24,No
CUST00288,Female,0,51,No,Fiber optic,91.43,4623.68,No
CUST00289,Male,0,5,Yes,No,106.53,540.48,Yes
CUST00290,Male,0,30,No,Fiber optic,65.23,1857.36,No
CUST00291,Male,0,24,Yes,No,94.73,2394.38,No
CUST00292,Male,1,6,Yes,DSL,109.57,,Yes
CUST00293,Female,1,36,Yes,DSL,57.93,2262.71,No
CUST00294,Male,0,49,No,DSL,93.77,,No
CUST00295,Female,1,1,No,No,109.2,112.04,Yes
CUST00296,Male,0,23,Yes,No,73.87,1879.18,No
CUST00297,Female,0,16,No,Fiber optic,56.04,808.49,No
CUST00298,Female,0,64,Yes,DSL,53.37,3199.62,No
CUST00299,Male,1,58,Yes,DSL,87.79,4581.34,No
CUST00300,Female,0,68,Yes,Fiber optic,51.66,,No
CUST00301,Male,1,69,No,No,55.06,4341.52,No
CUST00302,Male,0,38,No,Fiber optic,75.74,2790.27,Yes
CUST00303,Male,0,37,No,DSL,90.51,3208.26,No
CUST00304,Male,1,56,Yes,DSL,96.87,5891.99,No
CUST00305,Male,0,7,Yes,No,100.65,751.05,No
CUST00306,Female,0,62,No,Fiber optic,82.58,4954.26,No
CUST00307,Female,0,20,Yes,Fiber optic,64.23,1149.26,Yes
CUST00308,Male,1,8,Yes,Fiber optic,83.08,728.02,No
CUST00309,Female,0,1,No,DSL,94.93,97.83,No
CUST00310,Male,0,9,Yes,No,76.28,739.34,No
CUST00311,Male,0,2,Yes,DSL,91.82,169.38,No
CUST00312,Female,0,10,Yes,Fiber optic,68.6,723.04,No
CUST00313,Female,1,62,No,DSL,56.32,2920.09,No
CUST00314,Male,0,2,No,Fiber optic,66.05,150.54,No
CUST00315,Female,0,5,No,DSL,91.66,497.87,Yes
CUST00316,Male,0,19,No,Fiber optic,49.79,,No
CUST00317,Female,0,10,Yes,Fiber optic,72.61,645.68,Yes
CUST00318,Male,0,57,Yes,DSL,77.54,,No
CUST00319,Male,0,67,Yes,Fiber optic,48.67,3760.76,No
CUST00320,Female,0,12,Yes,No,44.56,608.37,No
CUST00321,Female,0,4,Yes,Fiber optic,91.16,349.63,No
CUST00322,Male,0,40,Yes,Fiber optic,69.52,2834.39,No
CUST00323,Female,0,41,Yes,DSL,64.32,2898.05,No
CUST00324,Female,0,69,No,DSL,62.32,4298.16,No
CUST00325,Male,0,34,Yes,DSL,80.25,2972.09,No
CUST00326,Male,0,9,Yes,Fiber optic,80.63,662.41,No
CUST00327,Female,0,14,No,Fiber optic,44.81,655.73,No
CUST00328,Male,0,2,No,DSL,93.26,192.03,No
CUST00329,Male,0,70,Yes,No,73.8,4515.91,No
CUST00330,Male,0,5,No,No,109.55,567.33,Yes
CUST00331,Male,0,69,No,Fiber optic,25.68,2156.97,No
CUST00332,Female,0,17,No,DSL,48.1,959.92,No
CUST00333,Male,0,62,Yes,Fiber optic,80.73,5028.57,No
CUST00334,Female,0,9,Yes,DSL,70.56,609.66,No
CUST00335,Female,0,12,No,Fiber optic,33.26,,Yes
CUST00336,Female,1,4,No,Fiber optic,88.8,379.83,Yes
CUST00337,Male,0,70,Yes,DSL,90.38,6732.4,No
CUST00338,Male,0,4,No,No,89.92,337.01,No
CUST00339,Female,0,0,No,DSL,102.77,,Yes
CUST00340,Female,1,3,Yes,DSL,98.94,267.56,Yes
CUST00341,Male,0,4,Yes,No,105.93,409.94,Yes
CUST00342,Female,0,52,Yes,Fiber optic,86.11,4523.72,No
CUST00343,Male,1,38,No,DSL,83.47,3244.69,Yes
CUST00344,Male,1,2,No,Fiber optic,85.43,170.23,Yes
CUST00345,Male,0,21,Yes,DSL,41.29,881.59,No
CUST00346,Male,0,42,No,Fiber optic,44.58,1923.15,No
CUST00347,Female,0,29,No,Fiber optic,33.49,,No
CUST00348,Male,0,41,No,DSL,61.81,2885.94,No
CUST00349,Male,0,72,No,DSL,30.14,1539.05,No
CUST00350,Female,1,54,No,DSL,26.45,1500.17,No
CUST00351,Male,1,8,No,Fiber optic,65.96,593.31,Yes
CUST00352,Female,0,26,Yes,Fiber optic,42.75,1189.64,No
CUST00353,Male,0,6,Yes,Fiber optic,65.39,411.06,Yes
CUST00354,Female,0,66,Yes,Fiber optic,33.09,2588.42,Yes
CUST00355,Female,0,64,Yes,DSL,77.46,5427.74,No
CUST00356,Female,1,45,Yes,Fiber optic,58.12,2633.68,No
CUST00357,Female,0,3,No,Fiber optic,102.07,336.02,Yes
CUST00358,Female,0,23,Yes,Fiber optic,61.82,1370.79,Yes
CUST00359,Male,1,7,No,DSL,84.23,549.65,No
CUST00360,Male,0,16,Yes,Fiber optic,75.66,1167.46,No
CUST00361,Female,1,34,No,No,25.32,1193.8,Yes
CUST00362,Female,0,58,Yes,Fiber optic,40.84,2469.17,No
CUST00363,Male,0,11,Yes,Fiber optic,96.95,976.29,No
CUST00364,Female,0,4,Yes,DSL,80.47,348.87,Yes
CUST00365,Female,0,9,Yes,Fiber optic,102.3,959.2,Yes
CUST00366,Female,0,69,Yes,No,69.28,4718.64,No
CUST00367,Male,1,50,No,No,21.1,857.64,Yes
CUST00368,Male,0,27,Yes,Fiber optic,65.75,1984.55,Yes
CUST00369,Male,0,39,No,DSL,40.3,1778.4,No
CUST00370,Female,0,14,No,Fiber optic,42.26,698.92,No
CUST00371,Female,0,7,Yes,Fiber optic,88.27,563.45,No
CUST00372,Female,0,12,No,No,67.28,896.25,No
CUST00373,Female,0,7,No,Fiber optic,65.15,420.55,Yes
CUST00374,Female,0,40,Yes,DSL,68.75,2549.01,No
CUST00375,Female,1,5,Yes,No,77.8,368.98,Yes
CUST00376,Male,0,40,Yes,No,78.64,2797.57,No
CUST00377,Female,0,71,No,DSL,54.31,3540.09,No
CUST00378,Male,0,67,No,DSL,81.73,5711.5,No
CUST00379,Male,1,7,Yes,Fiber optic,70.06,482.93,No
CUST00380,Male,1,0,No,No,103.85,,Yes
CUST00381,Male,0,70,Yes,Fiber optic,38.28,3205.62,No
CUST00382,Female,0,56,Yes,DSL,98.46,5378.46,No
CUST00383,Male,0,14,No,DSL,24.67,291.53,No
CUST00384,Female,0,3,Yes,DSL,92.03,276.53,No
CUST00385,Male,1,21,No,DSL,47.36,1042.1,No
CUST00386,Male,0,0,No,Fiber optic,80.55,,Yes
CUST00387,Male,0,3,No,DSL,66.89,203.91,No
CUST00388,Female,0,50,Yes,Fiber optic,91.11,4884.99,No
CUST00389,Female,0,47,Yes,Fiber optic,21.21,716.75,No
CUST00390,Female,0,70,No,No,32.1,2624.93,No
CUST00391,Male,0,23,Yes,Fiber optic,33.11,828.87,No
CUST00392,Male,1,12,No,No,44.71,611.04,No
CUST00393,Male,0,9,No,Fiber optic,73.02,699.24,Yes
CUST00394,Male,0,0,Yes,Fiber optic,108.17,,No
CUST00395,Male,0,9,No,Fiber optic,91.57,890.95,No
CUST00396,Male,0,8,Yes,DSL,72.09,579.14,Yes
CUST00397,Female,0,43,Yes,Fiber optic,25.78,1383.34,Yes
CUST00398,Female,0,67,Yes,Fiber optic,59.75,3615.73,No
CUST00399,Female,0,8,No,DSL,101.93,,Yes
CUST00400,Male,0,4,Yes,Fiber optic,72.68,255.02,Yes
CUST00401,Female,0,36,Yes,DSL,96.02,3436.41,No
CUST00402,Female,0,68,No,No,23.52,1314.35,No
CUST00403,Female,1,12,Yes,Fiber optic,26.97,300.42,No
CUST00404,Male,0,44,Yes,Fiber optic,60.1,3007.99,No
CUST00405,Female,0,54,No,DSL,72.38,3673.6,No
CUST00406,Male,1,47,No,No,46.4,2338.74,No
CUST00407,Female,0,47,Yes,No,64.06,3213.89,No
CUST00408,Female,0,4,Yes,No,93.49,348.81,No
CUST00409,Female,0,47,No,DSL,80.13,3555.42,No
CUST00410,Female,0,6,Yes,No,99.13,600.18,Yes
CUST00411,Female,0,51,Yes,DSL,33.33,1437.53,No
CUST00412,Female,0,1,Yes,DSL,109.78,,Yes
CUST00413,Male,0,4,No,DSL,78.25,308.17,No
CUST00414,Female,0,48,Yes,Fiber optic,50.67,2605.06,Yes
CUST00415,Female,0,47,Yes,Fiber optic,22.12,667.11,No
CUST00416,Male,1,65,Yes,Fiber optic,30.8,1745.29,Yes
CUST00417,Female,0,2,Yes,Fiber optic,71.07,123.82,No
CUST00418,Male,0,5,No,Fiber optic,73.02,401.31,Yes
CUST00419,Male,0,7,Yes,No,109.71,743.68,Yes
CUST00420,Male,0,52,Yes,No,40.62,2126.73,No
CUST00421,Male,0,59,Yes,Fiber optic,95.5,5343.79,No
CUST00422,Female,1,5,Yes,Fiber optic,87.12,430.85,Yes
CUST00423,Male,0,25,No,No,49.66,1480.52,No
CUST00424,Female,0,9,No,DSL,78.25,768.85,Yes
CUST00425,Female,1,37,No,DSL,63.46,2282.45,No
CUST00426,Male,0,5,Yes,Fiber optic,98.97,467.9,Yes
CUST00427,Female,0,24,No,Fiber optic,49.64,1051.03,Yes
CUST00428,Male,0,6,Yes,Fiber optic,103.57,628.36,Yes
CUST00429,Male,0,67,Yes,No,28.44,1541.42,No
CUST00430,Male,1,59,Yes,No,94.75,,No
CUST00431,Male,0,10,Yes,Fiber optic,98.04,965.35,Yes
CUST00432,Male,0,0,Yes,No,88.95,,Yes
CUST00433,Male,0,72,Yes,No,77.53,6167.05,No
CUST00434,Male,0,47,No,DSL,76.22,3635.35,No
CUST00435,Female,0,15,No,DSL,91.88,1328.81,No
CUST00436,Male,0,57,Yes,No,82.93,5268.96,No
CUST00437,Female,0,71,Yes,Fiber optic,26.93,1480.36,Yes
CUST00438,Female,0,57,Yes,Fiber optic,60.35,3102.71,Yes
CUST00439,Male,0,63,No,Fiber optic,32.14,1866.2,No
CUST00440,Male,0,16,No,DSL,32.72,489.53,No
CUST00441,Female,0,6,Yes,No,99.38,596.79,Yes
CUST00442,Female,0,42,Yes,Fiber optic,56.32,2340.09,No
CUST00443,Female,0,40,Yes,Fiber optic,99.5,3838.85,Yes
CUST00444,Male,0,7,Yes,DSL,91.62,626.27,Yes
CUST00445,Female,0,48,Yes,DSL,60.19,2440.25,No
CUST00446,Male,0,49,Yes,Fiber optic,53.87,2293.28,No
CUST00447,Female,0,19,No,Fiber optic,96.74,1764.16,Yes
CUST00448,Female,1,60,Yes,Fiber optic,75.82,4534.22,No
CUST00449,Female,1,6,Yes,Fiber optic,95.0,614.1,Yes
CUST00450,Female,1,43,No,Fiber optic,41.22,1428.68,Yes
CUST00451,Male,0,12,Yes,Fiber optic,99.54,1280.07,No
CUST00452,Female,0,45,Yes,Fiber optic,76.69,3787.11,No
CUST00453,Male,0,3,Yes,No,106.68,301.54,Yes
CUST00454,Female,0,71,No,DSL,20.72,1710.8,No
CUST00455,Female,0,22,Yes,Fiber optic,57.15,1430.2,No
CUST00456,Male,0,6,Yes,Fiber optic,101.91,656.89,Yes
CUST00457,Male,1,66,No,Fiber optic,48.26,2716.49,No
CUST00458,Female,0,44,No,DSL,46.56,,No
CUST00459,Female,0,4,Yes,DSL,70.23,245.21,No
CUST00460,Male,0,46,Yes,DSL,48.96,2332.57,No
CUST00461,Male,0,12,Yes,Fiber optic,46.36,441.34,Yes
CUST00462,Male,0,12,No,No,70.21,787.47,No
CUST00463,Female,0,9,Yes,DSL,100.85,864.27,Yes
CUST00464,Female,0,2,No,Fiber optic,102.04,199.01,No
CUST00465,Female,0,58,Yes,Fiber optic,30.07,2142.66,No
CUST00466,Female,0,45,No,No,64.02,3004.73,No
CUST00467,Male,1,49,Yes,DSL,49.67,2636.71,No
CUST00468,Female,0,57,Yes,Fiber optic,94.34,5743.59,Yes
CUST00469,Female,1,3,Yes,No,61.57,207.77,No
CUST00470,Female,0,71,Yes,Fiber optic,50.05,,Yes
CUST00471,Female,0,35,No,Fiber optic,81.72,3194.2,Yes
CUST00472,Male,0,7,No,DSL,98.06,662.45,No
CUST00473,Female,1,0,Yes,Fiber optic,69.61,,Yes
CUST00474,Male,0,10,No,DSL,101.54,1012.41,Yes
CUST00475,Female,0,5,No,DSL,72.44,362.7,Yes
CUST00476,Female,0,71,No,Fiber optic,29.78,1644.08,No
CUST00477,Female,0,10,Yes,DSL,82.97,841.13,No
CUST00478,Female,0,1,No,DSL,62.57,58.42,No
CUST00479,Female,0,41,Yes,No,72.12,2663.88,No
CUST00480,Female,1,10,No,Fiber optic,98.79,890.79,Yes
CUST00481,Male,0,58,Yes,DSL,43.59,3046.94,No
CUST00482,Male,0,8,Yes,DSL,71.44,617.53,No
CUST00483,Female,0,4,No,DSL,69.03,282.38,No
CUST00484,Male,1,72,Yes,DSL,63.21,5089.81,No
CUST00485,Male,1,59,Yes,No,87.22,5561.57,No
CUST00486,Female,0,55,Yes,DSL,78.03,4604.7,No
CUST00487,Male,0,5,Yes,DSL,81.77,408.92,No
CUST00488,Female,0,0,Yes,DSL,80.61,,Yes
CUST00489,Female,0,61,No,Fiber optic,66.02,3802.51,Yes
CUST00490,Female,0,46,No,Fiber optic,88.26,3780.35,Yes
CUST00491,Female,0,0,Yes,Fiber optic,94.75,,No
CUST00492,Female,0,4,No,DSL,105.32,435.18,No
CUST00493,Female,1,46,Yes,No,52.52,,Yes
CUST00494,Female,0,27,Yes,Fiber optic,29.13,904.34,No
CUST00495,Female,1,8,No,Fiber optic,103.31,801.71,Yes
CUST00496,Female,0,10,Yes,DSL,105.5,1137.76,No
CUST00497,Male,0,7,No,Fiber optic,62.44,466.39,Yes
CUST00498,Female,1,37,No,No,53.49,1878.37,Yes
CUST00499,Male,0,2,Yes,Fiber optic,109.08,234.88,Yes
CUST00500,Female,0,44,No,Fiber optic,98.66,4722.87,Yes
CUST00501,Female,0,8,No,No,94.38,,Yes
CUST00502,Male,0,6,Yes,Fiber optic,93.17,556.76,Yes
CUST00503,Male,0,58,No,DSL,31.39,1627.85,No
CUST00504,Male,1,36,Yes,DSL,40.69,1295.22,Yes
CUST00505,Male,0,11,Yes,Fiber optic,87.83,905.5,No
CUST00506,Female,0,11,Yes,No,65.85,661.51,No
CUST00507,Male,0,56,Yes,Fiber optic,59.69,3605.37,No
CUST00508,Male,1,67,No,Fiber optic,28.92,2437.42,No
CUST00509,Female,0,37,Yes,Fiber optic,92.94,3070.53,No
CUST00510,Female,0,28,Yes,Fiber optic,41.22,1148.32,Yes
CUST00511,Female,0,10,No,DSL,80.0,734.32,No
CUST00512,Female,1,47,No,Fiber optic,21.31,1054.03,Yes
CUST00513,Female,0,55,Yes,DSL,96.02,,No
CUST00514,Male,0,12,No,DSL,50.67,648.52,No
CUST00515,Male,0,4,Yes,No,107.81,,Yes
CUST00516,Male,0,57,Yes,No,85.18,4819.04,No
CUST00517,Male,1,9,No,DSL,106.16,1017.4,No
CUST00518,Male,1,8,Yes,DSL,67.4,489.1,No
CUST00519,Male,0,0,No,Fiber optic,83.51,,No
CUST00520,Female,0,19,No,DSL,64.02,1351.15,No
CUST00521,Male,0,0,No,DSL,62.01,,No
CUST00522,Male,0,34,Yes,No,61.93,1856.36,No
CUST00523,Female,0,68,Yes,No,87.47,5900.81,No
CUST00524,Female,0,6,No,Fiber optic,62.77,342.52,No
CUST00525,Female,0,68,No,Fiber optic,94.81,6835.02,No
CUST00526,Female,1,12,No,DSL,95.54,1103.54,No
CUST00527,Male,0,12,No,DSL,27.17,281.97,No
CUST00528,Male,0,9,Yes,DSL,94.61,813.5,No
CUST00529,Female,0,35,No,No,85.47,2686.16,No
CUST00530,Female,0,71,No,DSL,24.18,,No
CUST00531,Male,1,7,Yes,Fiber optic,99.71,738.77,Yes
CUST00532,Male,0,4,No,No,100.08,365.6,Yes
CUST00533,Female,0,10,No,Fiber optic,106.86,1096.54,Yes
CUST00534,Female,0,8,Yes,Fiber optic,92.58,687.57,No
CUST00535,Female,0,10,Yes,DSL,96.31,985.55,Yes
CUST00536,Male,0,28,No,DSL,40.43,893.67,No
CUST00537,Female,0,40,Yes,Fiber optic,70.66,3153.64,Yes
CUST00538,Female,0,19,Yes,Fiber optic,24.51,639.98,No
CUST00539,Male,0,50,No,No,39.63,2451.04,No
CUST00540,Female,0,43,Yes,DSL,77.63,3752.04,No
CUST00541,Female,1,66,No,Fiber optic,59.48,3584.99,No
CUST00542,Female,1,23,Yes,DSL,68.02,1360.59,No
CUST00543,Female,1,71,No,Fiber optic,52.52,3298.9,Yes
CUST00544,Male,0,23,No,Fiber optic,66.65,1500.35,No
CUST00545,Female,0,61,No,Fiber optic,58.23,3402.56,No
CUST00546,Female,0,66,Yes,No,89.99,6284.47,No
CUST00547,Female,0,59,Yes,DSL,83.88,5324.47,No
CUST00548,Male,0,57,No,DSL,51.13,2694.57,No
CUST00549,Male,0,3,No,DSL,96.79,265.82,Yes
CUST00550,Female,1,62,Yes,Fiber optic,21.38,1666.61,Yes
CUST00551,Female,0,4,Yes,DSL,92.09,359.43,No
CUST00552,Female,1,6,Yes,No,86.71,574.93,Yes
CUST00553,Female,1,8,No,DSL,78.92,609.86,No
CUST00554,Female,0,43,Yes,Fiber optic,82.27,3557.67,Yes
CUST00555,Female,0,71,Yes,DSL,38.67,3268.17,No
CUST00556,Male,0,11,Yes,Fiber optic,109.4,1273.79,No
CUST00557,Female,0,65,No,DSL,37.3,3071.44,No
CUST00558,Male,1,8,No,DSL,101.33,807.83,No
CUST00559,Male,0,5,Yes,No,78.5,433.46,Yes
CUST00560,Female,0,2,Yes,DSL,108.84,217.8,Yes
CUST00561,Female,0,16,Yes,No,48.79,635.34,No
CUST00562,Female,0,1,No,No,93.87,91.99,Yes
CUST00563,Male,0,5,Yes,DSL,70.25,373.86,No
CUST00564,Female,0,22,No,Fiber optic,86.2,1883.19,No
CUST00565,Male,0,0,No,DSL,103.88,,No
CUST00566,Male,0,46,Yes,Fiber optic,39.5,1833.5,No
CUST00567,Male,1,13,No,DSL,80.86,,No
CUST00568,Female,1,9,No,Fiber optic,97.78,883.5,No
CUST00569,Male,0,34,Yes,DSL,29.6,1139.08,No
CUST00570,Female,1,56,Yes,No,50.99,3272.87,No
CUST00571,Female,0,26,Yes,DSL,54.43,1378.21,No
CUST00572,Male,0,38,No,DSL,90.58,3212.26,No
CUST00573,Female,0,49,Yes,No,81.0,4007.94,No
CUST00574,Female,0,12,Yes,No,89.96,1012.96,No
CUST00575,Male,0,60,Yes,DSL,97.58,5291.99,No
CUST00576,Male,0,5,No,Fiber optic,94.09,447.78,No
CUST00577,Female,0,43,Yes,Fiber optic,77.33,3077.41,No
CUST00578,Male,0,15,Yes,Fiber optic,23.51,379.08,No
CUST00579,Male,0,0,No,Fiber optic,69.37,,No
CUST00580,Female,0,72,Yes,DSL,40.84,2366.68,No
CUST00581,Female,1,6,No,No,63.1,398.11,No
CUST00582,Male,0,6,No,No,66.55,380.7,No
CUST00583,Male,0,11,No,No,80.73,836.67,Yes
CUST00584,Male,0,6,Yes,No,108.09,626.43,No
CUST00585,Male,0,62,Yes,Fiber optic,79.23,4481.94,No
CUST00586,Female,0,6,Yes,Fiber optic,96.86,611.48,Yes
CUST00587,Male,0,29,No,DSL,85.57,2675.53,No
CUST00588,Female,0,8,Yes,DSL,101.34,755.91,No
CUST00589,Female,0,0,No,DSL,91.4,,No
CUST00590,Male,0,15,No,No,53.21,947.51,No
CUST00591,Male,1,6,Yes,DSL,73.76,407.82,Yes
CUST00592,Female,1,1,No,No,70.8,63.46,Yes
CUST00593,Female,1,25,No,DSL,67.78,1469.61,Yes
CUST00594,Male,0,3,Yes,Fiber optic,70.52,204.11,No
CUST00595,Female,0,56,Yes,No,56.34,2790.74,No
CUST00596,Female,0,10,Yes,DSL,92.63,829.6,No
CUST00597,Male,0,19,No,Fiber optic,53.43,1177.09,No
CUST00598,Female,0,51,No,No,47.12,2831.55,No
CUST00599,Male,0,64,Yes,No,93.44,6453.83,No
CUST00600,Male,0,32,Yes,DSL,68.56,2388.39,No
CUST00601,Female,0,7,No,Fiber optic,102.08,779.88,Yes
CUST00602,Male,1,72,No,Fiber optic,96.28,6702.97,Yes
CUST00603,Female,0,42,No,No,51.14,2259.09,No
CUST00604,Female,0,7,No,DSL,68.09,427.11,No
CUST00605,Female,0,9,Yes,DSL,80.04,642.45,Yes
CUST00606,Male,1,6,No,No,106.22,620.68,Yes
CUST00607,Female,0,5,No,DSL,99.07,509.99,Yes
CUST00608,Female,0,6,No,DSL,99.12,640.84,Yes
CUST00609,Female,1,48,Yes,Fiber optic,60.52,3114.08,Yes
CUST00610,Female,0,38,Yes,No,67.95,2874.51,No
CUST00611,Female,0,51,Yes,DSL,31.65,1751.77,No
CUST00612,Female,1,70,No,Fiber optic,25.14,1993.99,Yes
CUST00613,Female,1,38,Yes,No,71.08,2651.0,No
CUST00614,Male,0,14,No,Fiber optic,87.53,1127.45,Yes
CUST00615,Male,0,30,No,Fiber optic,64.96,2100.77,No
CUST00616,Male,1,31,No,DSL,96.3,2950.95,Yes
CUST00617,Female,0,32,Yes,DSL,63.66,1910.54,No
CUST00618,Male,0,4,Yes,No,91.33,333.46,Yes
CUST00619,Male,0,4,Yes,No,82.99,315.9,Yes
CUST00620,Male,0,11,Yes,Fiber optic,61.87,678.57,No
CUST00621,Female,0,16,Yes,DSL,60.86,1040.78,No
CUST00622,Male,0,15,No,DSL,84.65,1123.28,No
CUST00623,Male,0,42,Yes,Fiber optic,58.76,2148.67,No
CUST00624,Male,0,70,Yes,Fiber optic,78.74,5330.21,No
CUST00625,Male,0,41,No,No,64.99,2838.33,No
CUST00626,Female,0,3,No,Fiber optic,72.43,235.21,No
CUST00627,Male,0,24,Yes,DSL,81.76,1768.09,No
CUST00628,Female,0,39,No,DSL,54.06,2281.97,No
CUST00629,Male,0,7,No,DSL,79.32,598.53,Yes
CUST00630,Female,0,11,Yes,Fiber optic,81.29,962.35,Yes
CUST00631,Male,0,0,Yes,DSL,73.21,,No
CUST00632,Female,0,57,Yes,Fiber optic,73.65,4242.86,No
CUST00633,Male,1,12,Yes,Fiber optic,79.93,851.13,Yes
CUST00634,Female,1,11,Yes,Fiber optic,97.54,1048.42,No
CUST00635,Male,0,7,Yes,Fiber optic,79.18,490.71,Yes
CUST00636,Male,0,47,No,DSL,91.15,3856.65,No
CUST00637,Male,0,2,No,No,99.42,212.72,Yes
CUST00638,Female,1,50,Yes,DSL,60.24,3359.74,Yes
CUST00639,Male,0,47,No,DSL,98.36,4753.33,No
CUST00640,Female,1,9,No,Fiber optic,76.74,768.74,Yes
CUST00641,Female,0,33,No,DSL,28.81,872.98,No
CUST00642,Male,0,49,No,Fiber optic,48.58,2001.41,Yes
CUST00643,Male,1,21,Yes,Fiber optic,25.35,537.69,Yes
CUST00644,Male,0,65,Yes,No,43.63,2347.94,No
CUST00645,Female,0,19,No,DSL,92.65,1680.92,No
CUST00646,Male,1,1,No,No,71.88,70.24,No
CUST00647,Female,0,44,Yes,DSL,35.12,1663.89,No
CUST00648,Male,0,22,Yes,DSL,30.4,817.61,No
CUST00649,Female,0,3,Yes,DSL,87.0,246.04,Yes
CUST00650,Female,1,39,Yes,DSL,79.89,3344.56,No
CUST00651,Female,0,52,Yes,Fiber optic,83.26,4058.45,No
CUST00652,Male,0,23,Yes,Fiber optic,68.82,1726.31,No
CUST00653,Female,0,61,No,DSL,48.9,2431.04,No
CUST00654,Female,1,7,No,Fiber optic,78.03,491.54,Yes
CUST00655,Female,0,12,Yes,Fiber optic,75.23,799.6,No
CUST00656,Male,0,59,Yes,No,38.31,2063.86,No
CUST00657,Male,0,35,Yes,DSL,94.08,3523.7,No
CUST00658,Male,0,2,Yes,No,66.86,113.98,No
CUST00659,Female,1,32,Yes,DSL,61.26,2202.47,No
CUST00660,Male,0,8,Yes,DSL,80.6,585.89,Yes
CUST00661,Female,0,70,Yes,DSL,37.1,2353.64,No
CUST00662,Female,0,1,No,DSL,93.01,102.37,Yes
CUST00663,Male,0,1,Yes,Fiber optic,84.15,89.74,Yes
CUST00664,Male,0,54,No,No,92.73,5095.0,No
CUST00665,Female,1,19,No,No,37.73,537.81,No
CUST00666,Male,0,1,Yes,No,76.97,68.11,No
CUST00667,Female,0,5,Yes,No,99.45,503.73,Yes
CUST00668,Female,1,49,No,Fiber optic,74.12,,No
CUST00669,Female,0,54,No,Fiber optic,41.22,2522.63,No
CUST00670,Female,0,4,No,DSL,79.64,322.74,Yes
CUST00671,Female,0,9,No,DSL,81.23,767.53,No
CUST00672,Female,0,6,Yes,Fiber optic,104.45,,No
CUST00673,Male,0,22,No,DSL,89.9,1930.45,No
CUST00674,Male,0,10,Yes,Fiber optic,72.39,821.33,Yes
CUST00675,Male,1,21,No,DSL,67.2,1368.02,Yes
CUST00676,Female,0,19,Yes,Fiber optic,23.3,567.06,No
CUST00677,Male,0,68,No,DSL,50.72,2885.64,No
CUST00678,Female,0,60,No,Fiber optic,39.62,,No
CUST00679,Male,0,15,Yes,DSL,48.5,761.37,No
CUST00680,Female,0,10,No,DSL,71.47,,Yes
CUST00681,Male,0,6,Yes,DSL,100.72,588.36,No
CUST00682,Male,0,64,No,Fiber optic,97.94,6463.57,No
CUST00683,Female,0,0,No,DSL,106.9,,Yes
CUST00684,Female,0,5,Yes,Fiber optic,90.66,438.35,Yes
CUST00685,Male,0,35,No,No,96.34,3204.97,No
CUST00686,Female,1,13,No,DSL,34.87,506.64,Yes
CUST00687,Female,1,51,Yes,Fiber optic,45.33,2327.72,Yes
CUST00688,Male,0,63,No,DSL,28.33,1920.73,No
CUST00689,Female,1,61,No,Fiber optic,67.67,4397.38,Yes
CUST00690,Female,0,68,Yes,DSL,85.76,5820.53,No
CUST00691,Female,1,11,Yes,No,103.26,1151.36,Yes
CUST00692,Male,0,62,No,No,37.39,1965.98,No
CUST00693,Female,0,11,Yes,DSL,71.26,870.99,Yes
CUST00694,Female,0,40,No,No,27.02,1066.72,No
CUST00695,Male,0,31,Yes,Fiber optic,64.13,1860.15,No
CUST00696,Male,1,65,No,DSL,70.91,4168.61,No
CUST00697,Female,0,38,Yes,Fiber optic,46.06,1440.1,No
CUST00698,Male,0,0,No,Fiber optic,83.05,,No
CUST00699,Female,0,38,Yes,DSL,30.08,919.07,No
CUST00700,Male,0,0,No,DSL,89.8,,No
CUST00701,Female,1,9,Yes,DSL,102.4,868.51,Yes
CUST00702,Male,0,10,Yes,DSL,65.07,729.54,No
CUST00703,Female,0,9,Yes,Fiber optic,68.26,678.54,Yes
CUST00704,Male,0,47,Yes,Fiber optic,99.94,4928.98,No
CUST00705,Male,0,18,Yes,DSL,65.62,1218.39,No
CUST00706,Female,0,3,No,DSL,84.81,264.32,No
CUST00707,Female,0,4,No,Fiber optic,66.68,256.76,Yes
CUST00708,Female,1,10,Yes,DSL,109.73,1014.95,Yes
CUST00709,Female,0,60,No,DSL,21.61,849.08,No
CUST00710,Male,1,35,Yes,DSL,65.99,2441.32,No
CUST00711,Male,1,12,No,Fiber optic,60.46,784.04,No
CUST00712,Female,0,23,Yes,No,91.07,1865.69,No
CUST00713,Male,0,34,No,No,82.71,2570.95,No
CUST00714,Female,0,0,Yes,Fiber optic,95.74,,Yes
CUST00715,Female,0,64,No,Fiber optic,59.69,4007.5,No
CUST00716,Female,0,3,No,Fiber optic,97.89,,No
CUST00717,Male,0,8,No,DSL,72.18,590.9,Yes
CUST00718,Female,1,3,Yes,Fiber optic,85.23,276.1,No
CUST00719,Male,1,7,No,DSL,70.4,489.44,Yes
CUST00720,Male,0,3,Yes,No,78.99,208.33,Yes
CUST00721,Male,0,12,Yes,No,72.47,876.09,No
CUST00722,Female,0,47,No,DSL,65.74,3397.74,No
CUST00723,Female,0,2,No,DSL,80.62,146.39,Yes
CUST00724,Female,0,63,Yes,DSL,27.91,1736.07,No
CUST00725,Female,0,19,No,DSL,33.89,586.77,No
CUST00726,Male,0,47,Yes,DSL,52.37,2482.7,No
CUST00727,Female,0,40,No,DSL,50.6,2159.69,No
CUST00728,Male,0,60,No,No,28.62,1291.58,No
CUST00729,Male,0,28,Yes,Fiber optic,26.65,868.13,Yes
CUST00730,Male,0,52,Yes,No,50.58,3016.38,No
CUST00731,Male,0,66,Yes,DSL,64.58,3845.46,No
CUST00732,Male,0,72,Yes,No,20.5,1281.59,No
CUST00733,Female,0,21,Yes,Fiber optic,47.07,,No
CUST00734,Female,0,63,No,Fiber optic,37.58,1989.82,No
CUST00735,Male,0,38,No,DSL,56.73,1998.25,No
CUST00736,Female,0,40,No,DSL,78.91,3154.54,No
CUST00737,Male,0,8,No,DSL,108.05,873.04,No
CUST00738,Female,0,37,No,DSL,77.23,2706.57,No
CUST00739,Male,0,47,Yes,DSL,75.01,3618.59,No
CUST00740,Female,1,12,No,Fiber optic,78.95,1048.77,Yes
CUST00741,Female,0,71,Yes,Fiber optic,94.96,6101.84,No
CUST00742,Female,0,7,Yes,Fiber optic,76.17,,No
CUST00743,Female,0,7,No,DSL,88.66,636.97,Yes
CUST00744,Male,0,66,No,Fiber optic,69.36,4565.74,Yes
CUST00745,Male,0,40,No,DSL,34.5,1399.8,No
CUST00746,Female,0,24,Yes,DSL,97.82,2526.04,No
CUST00747,Male,0,49,No,DSL,93.73,,No
CUST00748,Female,0,2,No,Fiber optic,79.71,162.0,Yes
CUST00749,Female,0,54,Yes,Fiber optic,51.87,3268.94,No
CUST00750,Male,0,1,No,Fiber optic,85.53,77.76,Yes
CUST00751,Female,0,49,No,Fiber optic,51.86,3030.05,No
CUST00752,Female,0,49,Yes,DSL,40.72,1526.23,No
CUST00753,Male,0,25,No,DSL,73.04,1774.76,No
CUST00754,Male,0,32,No,DSL,94.82,3107.61,No
CUST00755,Female,0,66,No,DSL,95.53,6772.65,No
CUST00756,Female,0,24,Yes,Fiber optic,33.87,614.04,No
CUST00757,Male,0,0,No,Fiber optic,106.68,,No
CUST00758,Female,0,35,Yes,DSL,80.36,3135.19,No
CUST00759,Female,0,4,No,No,74.5,289.12,Yes
CUST00760,Female,0,45,No,DSL,50.14,2395.8,No
CUST00761,Female,0,46,Yes,No,54.2,2604.29,No
CUST00762,Female,0,65,Yes,No,80.29,4976.36,No
CUST00763,Female,0,10,No,Fiber optic,65.14,685.84,No
CUST00764,Female,0,47,No,No,31.6,1183.81,No
CUST00765,Female,0,40,Yes,Fiber optic,30.58,1522.45,No
CUST00766,Male,0,43,No,No,44.9,1837.23,No
CUST00767,Female,0,67,Yes,DSL,58.67,3670.24,No
CUST00768,Female,0,10,Yes,DSL,95.89,1020.58,Yes
CUST00769,Male,0,32,Yes,DSL,93.0,3060.76,No
CUST00770,Male,0,15,No,Fiber optic,87.12,1322.96,No
CUST00771,Female,0,1,No,DSL,81.94,86.94,No
CUST00772,Male,0,58,No,DSL,23.59,1031.15,No
CUST00773,Male,1,1,Yes,DSL,94.83,103.62,No
CUST00774,Female,0,48,No,DSL,70.47,3805.65,No
CUST00775,Female,1,24,Yes,DSL,25.71,570.34,No
CUST00776,Male,1,37,No,Fiber optic,62.87,2010.73,No
CUST00777,Female,0,45,Yes,Fiber optic,94.28,4401.72,Yes
CUST00778,Female,1,12,Yes,Fiber optic,22.19,300.81,No
CUST00779,Female,0,19,No,DSL,65.29,1180.7,No
CUST00780,Female,0,55,No,Fiber optic,34.61,2356.2,Yes
CUST00781,Male,1,7,No,Fiber optic,93.87,708.48,Yes
CUST00782,Female,0,67,No,Fiber optic,42.05,3172.43,Yes
CUST00783,Male,1,5,Yes,Fiber optic,79.39,379.5,Yes
CUST00784,Male,0,8,Yes,Fiber optic,71.73,653.37,Yes
CUST00785,Female,0,8,Yes,Fiber optic,69.77,,No
CUST00786,Male,1,10,No,DSL,79.97,718.56,Yes
CUST00787,Female,0,8,No,DSL,109.92,830.58,Yes
CUST00788,Male,0,52,Yes,No,30.36,1358.91,No
CUST00789,Male,0,61,No,Fiber optic,86.7,5481.28,No
CUST00790,Male,0,44,No,DSL,33.61,1286.55,No
CUST00791,Male,0,45,No,No,65.23,3237.17,No
CUST00792,Male,0,42,Yes,Fiber optic,98.18,4529.59,Yes
CUST00793,Male,0,63,Yes,DSL,79.34,4686.94,No
CUST00794,Female,0,7,No,No,64.04,433.79,No
CUST00795,Female,0,41,No,Fiber optic,79.06,2949.16,Yes
CUST00796,Male,0,21,Yes,DSL,68.22,1448.2,No
CUST00797,Female,0,3,No,Fiber optic,95.48,295.78,Yes
CUST00798,Male,0,11,No,DSL,93.3,959.15,No
CUST00799,Male,0,12,Yes,DSL,38.28,496.11,No
CUST00800,Male,0,7,Yes,DSL,84.87,566.88,Yes
CUST00801,Male,0,5,Yes,No,86.41,428.87,Yes
CUST00802,Female,1,56,Yes,Fiber optic,38.2,2677.05,Yes
CUST00803,Male,1,8,Yes,No,97.34,802.98,No
CUST00804,Male,1,48,No,Fiber optic,74.4,3130.25,No
CUST00805,Female,0,38,No,DSL,46.3,1495.2,No
CUST00806,Female,0,19,Yes,Fiber optic,41.02,,No
CUST00807,Male,0,16,No,Fiber optic,48.05,809.93,No
CUST00808,Male,0,5,No,No,108.88,589.85,No
CUST00809,Female,0,52,No,DSL,45.92,2785.11,No
CUST00810,Female,1,11,No,Fiber optic,82.98,950.64,Yes
CUST00811,Male,1,1,Yes,Fiber optic,80.0,73.71,Yes
CUST00812,Female,1,0,Yes,Fiber optic,102.43,,No
CUST00813,Female,0,58,No,No,49.15,,No
CUST00814,Female,0,10,Yes,No,84.98,803.31,No
CUST00815,Male,1,3,Yes,No,87.94,246.83,Yes
CUST00816,Female,0,10,No,Fiber optic,97.74,980.31,Yes
CUST00817,Male,0,22,Yes,No,78.29,1576.14,No
CUST00818,Male,0,3,No,DSL,99.8,274.21,Yes
CUST00819,Female,0,34,Yes,DSL,92.91,2899.61,No
CUST00820,Male,1,6,Yes,Fiber optic,84.72,554.58,Yes
CUST00821,Male,1,10,Yes,Fiber optic,96.27,1059.33,No
CUST00822,Male,0,38,No,Fiber optic,88.58,3057.9,No
CUST00823,Male,0,66,No,DSL,46.5,3188.09,No
CUST00824,Female,0,41,No,Fiber optic,21.15,730.43,Yes
CUST00825,Male,0,67,Yes,DSL,48.48,2722.91,No
CUST00826,Male,0,12,No,No,78.2,1027.11,No
CUST00827,Female,0,11,Yes,No,97.84,979.1,Yes
CUST00828,Female,1,2,Yes,DSL,87.97,176.53,Yes
CUST00829,Male,0,10,Yes,DSL,64.08,718.88,No
CUST00830,Male,0,55,No,No,37.26,1590.76,No
CUST00831,Male,1,59,No,Fiber optic,81.76,5111.79,Yes
CUST00832,Female,0,26,No,Fiber optic,65.98,1742.45,No
CUST00833,Female,0,14,No,DSL,95.86,1280.69,No
CUST00834,Male,0,52,Yes,DSL,88.44,4716.31,No
CUST00835,Male,0,26,No,DSL,87.93,2427.58,No
CUST00836,Female,1,60,No,Fiber optic,83.61,4815.21,No
CUST00837,Male,0,69,No,DSL,86.32,5363.29,No
CUST00838,Female,0,27,No,DSL,42.77,1223.81,No
CUST00839,Male,0,10,Yes,DSL,83.9,802.59,Yes
CUST00840,Male,0,22,No,Fiber optic,28.37,,No
CUST00841,Male,0,1,No,DSL,76.7,82.7,Yes
CUST00842,Female,0,46,No,Fiber optic,56.83,2472.71,Yes
CUST00843,Male,0,2,Yes,Fiber optic,68.52,140.75,No
CUST00844,Male,0,22,Yes,No,85.07,1815.34,No
CUST00845,Female,0,49,No,DSL,73.11,3819.88,No
CUST00846,Female,0,49,Yes,Fiber optic,98.82,4782.61,Yes
CUST00847,Female,0,4,No,DSL,73.19,261.47,Yes
CUST00848,Male,0,10,No,Fiber optic,70.37,691.19,Yes
CUST00849,Male,0,53,No,No,54.3,3015.27,No
CUST00850,Female,0,12,No,DSL,39.93,589.52,No
CUST00851,Female,0,6,No,Fiber optic,64.05,407.09,Yes
CUST00852,Male,0,46,Yes,Fiber optic,43.25,2107.07,No
CUST00853,Female,0,27,No,No,26.69,507.97,No
CUST00854,Female,0,28,Yes,DSL,97.81,2898.49,No
CUST00855,Male,1,32,Yes,Fiber optic,73.29,2561.55,No
CUST00856,Female,0,1,No,DSL,95.83,102.41,No
CUST00857,Male,0,1,No,DSL,82.74,92.53,Yes
CUST00858,Male,0,5,No,No,108.54,576.23,No
CUST00859,Female,0,4,No,No,75.53,282.51,Yes
CUST00860,Female,0,47,No,No,20.12,1253.98,No
CUST00861,Female,0,8,Yes,No,105.1,818.24,Yes
CUST00862,Female,0,3,Yes,Fiber optic,74.0,231.56,No
CUST00863,Female,0,6,Yes,DSL,76.35,439.52,Yes
CUST00864,Male,0,53,No,Fiber optic,32.94,2238.18,No
CUST00865,Male,0,68,Yes,No,36.67,2811.81,No
CUST00866,Female,0,0,No,No,73.47,,Yes
CUST00867,Male,0,1,No,DSL,88.44,94.52,No
CUST00868,Male,1,5,No,No,75.23,338.36,No
CUST00869,Male,1,42,Yes,DSL,34.26,1400.54,No
CUST00870,Female,1,3,No,DSL,84.99,283.07,Yes
CUST00871,Female,1,9,No,No,106.14,866.76,Yes
CUST00872,Male,0,45,No,DSL,49.74,2219.41,No
CUST00873,Male,1,23,No,Fiber optic,23.59,672.38,No
CUST00874,Male,0,64,No,No,39.46,3132.3,No
CUST00875,Male,0,7,Yes,Fiber optic,95.63,689.24,Yes
CUST00876,Male,0,9,No,DSL,75.21,744.59,Yes
CUST00877,Male,1,2,Yes,Fiber optic,94.1,201.61,No
CUST00878,Male,0,68,No,Fiber optic,87.01,6266.08,No
CUST00879,Female,0,21,No,Fiber optic,84.58,1727.92,Yes
CUST00880,Female,0,11,Yes,Fiber optic,90.78,,Yes
CUST00881,Female,0,11,Yes,Fiber optic,96.91,1108.11,Yes
CUST00882,Female,1,19,Yes,Fiber optic,97.06,1670.66,Yes
CUST00883,Female,0,31,Yes,DSL,94.09,2636.64,No
CUST00884,Male,1,32,No,DSL,29.49,1236.0,No
CUST00885,Female,0,11,No,Fiber optic,107.12,1168.94,Yes
CUST00886,Female,0,7,No,No,93.17,616.35,Yes
CUST00887,Male,1,72,Yes,Fiber optic,77.9,5009.14,Yes
CUST00888,Female,0,3,No,Fiber optic,79.27,218.02,Yes
CUST00889,Male,0,1,Yes,DSL,98.25,95.23,Yes
CUST00890,Female,0,10,No,DSL,103.47,997.73,Yes
CUST00891,Female,0,9,Yes,Fiber optic,70.26,585.59,Yes
CUST00892,Female,0,27,Yes,DSL,91.76,2670.49,No
CUST00893,Male,0,20,Yes,No,65.35,1242.51,No
CUST00894,Male,0,11,No,Fiber optic,102.81,1108.58,Yes
CUST00895,Female,0,60,No,No,26.76,1289.01,No
CUST00896,Female,0,4,No,No,60.36,265.56,No
CUST00897,Female,0,17,Yes,DSL,42.25,881.84,No
CUST00898,Male,0,0,No,DSL,108.58,,No
CUST00899,Female,1,7,Yes,DSL,74.49,499.83,Yes
CUST00900,Female,0,4,Yes,DSL,74.37,270.71,No
CUST00901,Female,0,12,Yes,DSL,86.39,1094.42,No
CUST00902,Male,0,57,Yes,DSL,53.46,2850.95,No
CUST00903,Female,1,0,No,DSL,62.9,,Yes
CUST00904,Male,1,40,Yes,DSL,76.4,3315.79,No
CUST00905,Male,0,28,No,Fiber optic,27.39,556.81,Yes
CUST00906,Female,0,11,Yes,DSL,77.89,809.78,No
CUST00907,Female,1,18,Yes,No,63.84,,No
CUST00908,Male,1,54,No,No,65.35,3336.49,No
CUST00909,Male,0,49,Yes,Fiber optic,25.04,1667.91,No
CUST00910,Female,0,8,Yes,DSL,98.63,773.45,Yes
CUST00911,Female,0,60,Yes,No,86.01,4581.82,No
CUST00912,Male,0,72,No,Fiber optic,86.83,6141.01,No
CUST00913,Male,0,26,Yes,DSL,38.04,1103.78,No
CUST00914,Female,0,14,No,No,65.56,977.44,No
CUST00915,Female,1,6,No,Fiber optic,74.52,430.92,No
CUST00916,Female,0,29,Yes,Fiber optic,80.52,2512.6,No
CUST00917,Female,1,46,Yes,No,29.86,958.94,No
CUST00918,Female,0,49,No,Fiber optic,96.6,5212.81,No
CUST00919,Female,0,41,Yes,No,21.0,619.36,No
CUST00920,Male,0,29,Yes,Fiber optic,45.28,1363.34,No
CUST00921,Male,0,46,Yes,Fiber optic,68.5,2738.11,No
CUST00922,Female,1,50,Yes,Fiber optic,70.52,3683.03,No
CUST00923,Female,1,18,Yes,DSL,87.98,1615.99,No
CUST00924,Female,0,6,Yes,No,66.61,405.05,No
CUST00925,Female,0,27,Yes,DSL,46.34,1056.08,No
CUST00926,Male,1,25,Yes,No,25.55,414.17,No
CUST00927,Female,0,25,Yes,DSL,33.6,,No
CUST00928,Female,1,12,Yes,DSL,92.56,1228.58,No
CUST00929,Female,0,1,Yes,DSL,95.55,86.7,No
CUST00930,Female,0,8,Yes,DSL,79.82,619.0,Yes
CUST00931,Male,0,26,No,Fiber optic,45.4,1020.01,No
CUST00932,Male,0,3,No,Fiber optic,77.35,219.01,Yes
CUST00933,Female,0,46,No,DSL,51.9,1927.82,No
CUST00934,Male,0,57,No,Fiber optic,49.11,,No
CUST00935,Male,0,47,Yes,DSL,22.53,871.62,No
CUST00936,Male,0,24,Yes,DSL,51.99,1172.79,No
CUST00937,Male,0,7,Yes,DSL,87.59,675.39,Yes
CUST00938,Male,1,13,Yes,No,66.77,871.86,Yes
CUST00939,Male,1,25,No,DSL,36.84,1049.88,Yes
CUST00940,Female,0,68,Yes,DSL,46.59,3163.58,No
CUST00941,Male,0,52,No,DSL,74.1,4020.13,No
CUST00942,Female,1,30,No,Fiber optic,91.9,2977.38,No
CUST00943,Male,0,66,No,Fiber optic,55.94,3802.76,Yes
CUST00944,Female,0,68,Yes,DSL,79.53,5275.0,No
CUST00945,Female,0,0,Yes,Fiber optic,61.42,,No
CUST00946,Female,0,6,No,DSL,84.92,489.71,Yes
CUST00947,Male,0,65,Yes,DSL,54.85,4054.51,No
CUST00948,Female,0,62,No,Fiber optic,70.41,4617.94,Yes
CUST00949,Female,0,67,Yes,DSL,86.52,6257.37,No
CUST00950,Male,0,51,No,Fiber optic,81.8,4649.13,No
CUST00951,Male,1,12,Yes,DSL,86.79,1109.79,No
CUST00952,Male,0,25,Yes,Fiber optic,95.75,2398.02,No
CUST00953,Male,0,48,No,DSL,52.01,2623.75,No
CUST00954,Female,0,5,No,Fiber optic,106.41,534.97,Yes
CUST00955,Male,0,40,No,Fiber optic,75.2,2845.07,No
CUST00956,Male,0,32,No,Fiber optic,76.26,2577.65,Yes
CUST00957,Female,0,60,No,DSL,50.33,,No
CUST00958,Female,0,69,Yes,No,95.47,6150.06,No
CUST00959,Male,1,9,No,DSL,79.74,693.05,Yes
CUST00960,Male,0,10,Yes,No,84.53,846.05,Yes
CUST00961,Male,0,4,Yes,DSL,67.02,289.27,No
CUST00962,Male,0,4,No,DSL,108.05,428.04,No
CUST00963,Female,0,0,No,DSL,97.46,,Yes
CUST00964,Male,1,29,Yes,DSL,65.69,2063.11,Yes
CUST00965,Male,0,61,No,Fiber optic,94.63,5830.35,Yes
CUST00966,Male,0,8,No,DSL,107.67,836.15,No
CUST00967,Female,0,68,Yes,DSL,52.33,3373.33,No
CUST00968,Male,0,51,No,Fiber optic,85.74,4062.47,No
CUST00969,Male,1,39,No,DSL,29.6,1088.75,No
CUST00970,Male,0,1,No,Fiber optic,61.33,71.28,No
CUST00971,Male,0,72,No,Fiber optic,77.15,5168.06,No
CUST00972,Female,0,72,No,DSL,31.88,2802.16,No
CUST00973,Female,1,36,No,Fiber optic,73.37,2972.87,Yes
CUST00974,Male,0,3,No,DSL,91.89,269.09,No
CUST00975,Female,0,10,Yes,No,81.11,715.49,Yes
CUST00976,Male,0,14,No,Fiber optic,40.3,532.47,No
CUST00977,Male,0,35,No,Fiber optic,86.93,2758.19,No
CUST00978,Male,1,5,Yes,DSL,74.18,357.11,Yes
CUST00979,Male,0,9,No,DSL,84.66,,No
CUST00980,Male,0,11,Yes,Fiber optic,75.82,916.78,Yes
CUST00981,Male,0,38,No,Fiber optic,70.47,2477.23,No
CUST00982,Female,0,5,No,No,89.6,451.76,Yes
CUST00983,Female,0,36,No,Fiber optic,99.26,3875.26,Yes
CUST00984,Male,0,30,No,DSL,39.47,1152.97,No
CUST00985,Female,0,69,No,Fiber optic,99.57,6795.1,Yes
CUST00986,Male,0,68,No,DSL,52.28,3818.21,No
CUST00987,Female,0,64,Yes,DSL,88.69,6024.55,No
CUST00988,Male,0,12,No,Fiber optic,58.58,589.11,Yes
CUST00989,Male,0,40,No,Fiber optic,47.31,1559.26,Yes
CUST00990,Male,0,20,No,Fiber optic,94.92,1897.82,Yes
CUST00991,Female,0,12,No,DSL,25.36,230.88,No
CUST00992,Female,0,23,No,Fiber optic,66.52,1678.85,Yes
CUST00993,Female,0,2,Yes,Fiber optic,107.46,196.12,No
CUST00994,Female,0,19,Yes,No,64.32,1265.85,No
CUST00995,Male,0,24,Yes,Fiber optic,61.9,1684.27,No
CUST00996,Female,0,10,No,Fiber optic,88.8,939.6,Yes
CUST00997,Male,0,52,Yes,Fiber optic,41.61,2459.96,Yes
CUST00998,Male,0,1,No,Fiber optic,86.36,87.73,Yes
CUST00999,Female,0,5,No,DSL,94.13,467.68,Yes
CUST01000,Female,0,58,Yes,Fiber optic,39.79,2735.09,No
